year,region,state_name,statefip,statefip_str,state_shcollege_white,state_shcollege_hispanic,state_shcollege_black,state_shcollege_asian,state_shcollege_other,state_shnoncollege_white,state_shnoncollege_hispanic,state_shnoncollege_black,state_shnoncollege_asian,state_shnoncollege_other,state_shmarr_white_noncol,state_shcoh_white_noncol,state_shunpmom_white_noncol,state_shmarr_hispanic_noncol,state_shcoh_hispanic_noncol,state_shunpmom_hispanic_noncol,state_shmarr_black_noncol,state_shcoh_black_noncol,state_shunpmom_black_noncol,state_shmarr_asian_noncol,state_shcoh_asian_noncol,state_shunpmom_asian_noncol,state_shmarr_other_noncol,state_shcoh_other_noncol,state_shunpmom_other_noncol,state_shmarr_white_col,state_shcoh_white_col,state_shunpmom_white_col,state_shmarr_hispanic_col,state_shcoh_hispanic_col,state_shunpmom_hispanic_col,state_shmarr_black_col,state_shcoh_black_col,state_shunpmom_black_col,state_shmarr_asian_col,state_shcoh_asian_col,state_shunpmom_asian_col,state_shmarr_other_col,state_shcoh_other_col,state_shunpmom_other_col,state_shpov_white_noncol,state_shpov_hispanic_noncol,state_shpov_black_noncol,state_shpov_asian_noncol,state_shpov_other_noncol,state_shpov_white_col,state_shpov_hispanic_col,state_shpov_black_col,state_shpov_asian_col,state_shpov_other_col,state_shpov_white_noncol_marr,state_shpov_white_noncol_coh,state_shpov_white_noncol_unpmom,state_shpov_hisp_noncol_marr,state_shpov_hisp_noncol_coh,state_shpov_hisp_noncol_unpmom,state_shpov_black_noncol_marr,state_shpov_black_noncol_coh,state_shpov_black_noncol_unpmom,state_shpov_asian_noncol_marr,state_shpov_asian_noncol_coh,state_shpov_asian_noncol_unpmom,state_shpov_other_noncol_marr,state_shpov_other_noncol_coh,state_shpov_other_noncol_unpmom,state_shpov_white_col_marr,state_shpov_white_col_coh,state_shpov_white_col_unpmom,state_shpov_hisp_col_marr,state_shpov_hisp_col_coh,state_shpov_hisp_col_unpmom,state_shpov_black_col_marr,state_shpov_black_col_coh,state_shpov_black_col_unpmom,state_shpov_asian_col_marr,state_shpov_asian_col_coh,state_shpov_asian_col_unpmom,state_shpov_other_col_marr,state_shpov_other_col_coh,state_shpov_other_col_unpmom
2023,east south central div,Alabama,alabama,01,39.731266,20.516678,24.854723,52.569103,29.78824,60.268734,79.483322,75.145279,47.430897,70.211761,69.11338,9.1240845,21.762539,75.759148,7.2939239,16.946928,18.983797,12.724659,68.291542,85.430618,4.3238163,10.245564,48.142849,6.2129307,45.644218,89.04261,2.4835918,8.4737968,88.289192,1.8562307,9.8545752,62.525375,10.472267,27.002361,91.964378,0,8.0356197,84.979179,10.846719,4.1741028,13.965697,27.469709,33.513691,10.457055,21.907206,2.1483858,6.6564202,5.5436106,15.721403,9.5776329,7.302527,14.375955,34.954563,20.383499,37.175732,54.970287,12.448589,24.277954,41.090282,11.552744,0,5.7339449,2.5251203,55.585648,37.766106,1.1507732,9.2258921,10.556941,3.6625378,0,34.733055,.37753999,7.4084706,16.782671,13.867435,,36.939316,10.582196,0,14.014252
2023,pacific division,Alaska,alaska,02,48.817024,21.783981,19.979134,30.546389,13.977737,51.182976,78.216019,80.020866,69.453613,86.022263,73.2528,12.495589,14.251614,66.299454,18.107059,15.593484,100,0,0,59.358501,13.833158,26.808342,53.180862,21.491997,25.327141,93.231773,1.2491839,5.5190425,100,0,0,100,0,0,100,0,0,67.733238,2.7682905,29.498472,11.592669,10.411172,30.508474,16.288279,14.411731,1.4058759,0,0,0,8.9160528,7.5855031,22.890366,22.283716,9.4547157,11.910883,12.736319,30.508474,,,26.106293,0,2.9542098,10.089526,11.851047,25.660246,.18674137,0,22.318611,0,,,0,,,0,,,13.163482,0,0
2023,mountain division,Arizona,arizona,04,48.687969,18.225208,26.842829,64.01458,24.362522,51.312031,81.774796,73.157173,35.98542,75.637482,70.651093,10.938088,18.410818,56.844036,13.070581,30.085382,35.179642,16.071703,48.748657,80.107674,4.9274569,14.964869,48.806393,11.706335,39.48727,84.422432,4.4926972,11.08487,72.670692,9.1725836,18.156723,65.440948,4.8122191,29.746836,93.095665,1.6876122,5.216722,71.787804,6.9923902,21.219809,11.137177,25.014925,33.732533,11.798522,24.349318,4.2666144,12.25999,9.9225864,3.295717,5.9446344,7.4501739,11.640376,24.987007,16.640175,31.412939,38.058765,36.219315,29.233343,33.421261,9.0443106,7.8703699,27.835365,12.756872,27.908152,37.622574,3.3372765,6.328289,10.508862,7.9082742,11.32704,30.148666,5.5710974,0,21.100756,2.8321118,11.702127,8.8495579,2.9548829,0,18.018017
2023,west south central div,Arkansas,arkansas,05,40.429081,11.262144,16.602081,55.79937,23.695642,59.570919,88.737854,83.397919,44.20063,76.304359,70.380402,10.127167,19.492434,64.366302,11.173965,24.459734,17.090889,6.3357592,76.573349,69.083801,19.626574,11.289622,61.148434,15.929174,22.92239,87.605438,2.4856548,9.9089031,69.512955,8.2258673,22.261173,44.348442,7.3634663,48.288094,87.68631,0,12.313689,89.470322,.9698391,9.5598421,13.646399,19.179432,40.752434,14.068606,15.949032,2.9870317,17.303118,2.5469084,3.8523276,6.9807096,5.7053404,21.996737,37.980434,21.576517,29.195108,8.2959785,34.314682,14.991896,44.32077,4.8397236,51.40118,5.6410255,12.924875,21.026386,20.488016,1.3477492,14.820396,14.511657,8.1412106,0,52.305962,0,18.82662,2.4035254,4.3933053,,0,0,42.857143,68.673355
2023,pacific division,California,california,06,58.033363,16.143618,35.694389,65.504509,47.371014,41.966637,83.856384,64.305611,34.495491,52.628986,70.367447,10.453965,19.178587,57.303829,14.14019,28.555983,29.153984,8.6194429,62.22657,77.721764,7.2515116,15.026728,56.616447,11.769649,31.613905,85.924301,3.5171888,10.558506,72.958405,8.0684786,18.973118,58.194267,3.9868553,37.818878,89.70488,2.5695612,7.7255564,76.887581,6.3183055,16.794111,16.28763,31.466526,39.02866,24.584135,20.415854,5.7665443,8.9211283,11.832129,7.292954,8.3750553,11.246246,19.706936,32.920967,26.555243,34.151371,39.992626,18.977673,36.934574,48.712883,23.411467,14.138592,35.690208,17.054403,16.806875,27.779377,4.2440057,7.795105,17.481106,6.6001096,9.5319796,17.586504,6.5221691,8.5092201,20.353195,6.0990114,7.9953647,20.922726,4.936276,12.987013,22.383516
2023,mountain division,Colorado,colorado,08,61.169827,20.944906,36.027538,63.675835,49.629124,38.830173,79.055092,63.972462,36.324165,50.370876,67.630676,9.200552,23.168772,61.672062,8.6671638,29.660776,47.238113,3.6268902,49.134998,82.560364,12.311738,5.1278987,69.525627,7.673861,22.80051,87.7771,3.1195669,9.1033344,72.343353,12.653481,15.003164,62.35714,3.8640625,33.778797,93.252876,2.1513076,4.5958204,86.236931,5.411675,8.3513975,11.189473,22.393353,30.935839,13.154435,12.623652,3.2441723,8.1487341,5.7446938,6.010705,1.4679596,7.1551075,13.644221,21.991159,18.709854,21.794437,30.227268,18.513445,0,45.162186,11.15535,19.126215,31.002331,2.3389924,26.611328,39.276909,1.8451551,4.4047995,16.336193,8.4446974,1.6756283,12.180974,7.3118696,0,3.5087719,5.5206203,20.285263,9.2729969,1.0583878,4.2867184,3.8706739
2023,new england division,Connecticut,connecticut,09,66.188431,20.143925,32.568565,69.422493,41.598667,33.811569,79.856079,67.431435,30.577507,58.401333,65.196869,12.953658,21.849468,38.199699,17.71929,44.081013,44.756767,9.310524,45.932709,89.242798,1.3464601,9.4107428,68.094894,11.993863,19.911238,83.871445,4.8444295,11.284126,70.222816,10.327065,19.450117,55.131538,10.41983,34.448635,95.7976,.46870518,3.7336991,79.423073,10.307692,10.269231,10.175925,30.817493,18.938103,24.489649,22.694647,3.2241535,9.5497913,22.872679,5.021841,4.1230769,7.3479085,3.7484512,22.425066,24.437914,24.447819,38.906334,9.3307257,4.6251588,31.200743,23.312782,0,39.153847,16.261667,0,58.36544,1.977807,10.418077,9.3994112,5.4692245,27.184179,14.919291,29.429537,2.2566996,18.614902,5.242137,0,0,2.6828089,5.6716418,13.707866
2023,south atlantic division,Delaware,delaware,10,49.468033,17.117405,28.813633,71.839607,42.801609,50.531967,82.882599,71.186371,28.160393,57.198391,62.88295,12.211644,24.905407,52.862583,9.5276842,37.60973,33.29171,6.3470798,60.361214,78.949272,0,21.050724,59.563107,18.082525,22.354368,84.148949,3.1045446,12.746504,62.948372,6.3653326,30.686295,59.616257,.72987211,39.653877,74.833122,0,25.166882,37.917614,0,62.082386,7.6711826,22.108509,24.130474,26.15942,11.844661,3.0629845,10.864607,13.22799,.38346824,8.1738567,5.6935816,8.8289185,12.096708,12.920211,34.876404,31.788683,7.0807791,0,36.071445,22.120239,,41.30809,0,53.825504,9.4462547,1.7310779,3.6813922,11.70525,0,0,35.405407,22.188564,0,0,.5124312,,0,5.6458511,,9.7178679
2023,south atlantic division,District Of Columbia,district of columbia,11,92.337639,58.317257,31.320635,93.264412,81.394806,7.6623611,41.682743,68.679367,6.7355881,18.605194,63.356274,0,36.643723,37.787399,32.397732,29.814869,16.381046,2.3892901,81.22966,59.534882,0,40.465118,51.556664,21.917809,26.52553,89.637444,5.2438326,5.1187205,80.012802,9.3266459,10.660548,44.930687,16.594183,38.475128,84.245888,8.9351702,6.8189449,82.038147,6.8317676,11.130089,45.296623,20.812181,53.305031,40.465118,26.52553,1.6917344,0,14.460452,3.930131,8.1981211,13.657527,,100,31.766102,0,29.544317,54.256527,52.399479,53.139782,0,,100,0,0,100,.78587252,0,19.287991,0,0,0,4.0078645,65.806717,4.5213709,0,0,57.635468,0,0,73.657288
2023,south atlantic division,Florida,florida,12,47.36911,33.445175,22.441368,64.49514,45.684456,52.63089,66.554825,77.558632,35.50486,54.315544,67.723419,10.308207,21.968374,57.371746,15.749371,26.878881,38.476475,8.5557013,52.967823,81.745056,2.9954231,15.25952,65.289787,7.7694082,26.940802,85.367554,4.1579475,10.4745,74.249733,9.3186531,16.431612,56.868046,8.4351549,34.6968,91.957672,1.3938179,6.6485114,80.035614,6.3566155,13.607772,15.160746,31.597313,33.374111,23.906904,22.681673,4.9424729,13.157079,14.963943,9.2045593,10.261408,9.2149849,20.791214,30.848169,24.930031,29.397566,47.117241,24.674772,26.71876,40.76844,21.116457,8.1274385,41.952778,15.652953,43.253109,33.782894,3.6535316,3.3541269,16.077902,9.7019081,13.498079,28.576616,12.199519,8.0359964,21.179089,8.2583246,0,24.221901,9.2547493,17.354549,12.868757
2023,south atlantic division,Georgia,georgia,13,47.125134,19.276758,32.960297,59.956062,36.707802,52.874866,80.723244,67.039703,40.043938,63.292198,68.560928,9.5402479,21.898823,63.708382,13.098046,23.193571,31.937504,9.5927973,58.4697,82.923744,2.8218877,14.254363,53.280914,8.2447157,38.474373,89.511482,2.1375508,8.3509674,80.091949,7.4446177,12.463428,55.572075,5.8767853,38.55114,94.149529,.54342568,5.3070421,66.415695,7.6268854,25.957426,15.035542,32.178585,31.33145,21.187967,20.996969,3.1597142,8.2372246,9.1529264,6.5404668,8.1621933,8.8433933,20.183044,32.179432,28.059881,33.148937,42.943893,12.333503,24.360441,42.852261,19.901131,0,32.868557,12.225671,21.713884,32.990196,2.3817973,3.8305674,11.326254,7.0259199,8.816802,15.675071,6.0021529,16.842665,12.522583,5.3298669,0,28.686815,5.6721029,0,16.931675
2023,pacific division,Hawaii,hawaii,15,65.118828,26.92968,31.580254,39.57914,41.196445,34.881172,73.07032,68.419746,60.42086,58.803555,74.49855,10.967105,14.534346,57.952934,15.160598,26.886469,16.823786,0,83.176216,69.483727,7.4431715,23.073103,51.274727,12.406315,36.318958,86.650803,4.0629444,9.2862577,73.74437,3.4289484,22.826683,100,0,0,84.404549,2.9995539,12.595897,78.608383,4.2178183,17.173798,16.830215,20.401798,4.7135606,15.298311,19.397346,10.925981,12.693703,0,2.7631578,9.9614172,13.453732,12.549241,37.367302,20.8974,6.4386854,27.206989,28.017241,,0,13.682905,5.7114816,23.255667,11.6456,6.2391682,34.835926,8.4124985,0,39.159843,2.4143071,0,47.809341,0,,,2.8139615,0,3.0807364,7.1504264,14.449064,21.725811
2023,mountain division,Idaho,idaho,16,43.348991,23.412865,1.917745,38.027733,41.518799,56.651009,76.587135,98.082253,61.972267,58.481201,76.456192,7.1566606,16.387142,63.805794,7.8484244,28.345781,56.018848,3.1095407,40.871613,89.582298,4.8980603,5.5196419,80.722115,7.9577298,11.32015,91.522438,1.843405,6.6341596,78.581642,3.444577,17.973778,100,0,0,78.403564,5.632091,15.964344,67.681549,1.646369,30.672079,9.8059473,10.892694,27.891636,7.732471,4.0989509,2.604553,13.551847,26.506025,9.886548,1.5674334,6.2279449,4.4954748,28.818766,5.878994,22.121634,19.069347,30.571907,100,18.731989,2.4701638,0,100,1.6661707,0,24.328146,2.0990033,3.4535103,9.3430347,16.873957,0,1.6246684,26.506025,,,12.609818,0,0,2.3158946,0,0
2023,east north central div,Illinois,illinois,17,56.211559,19.01454,26.755207,69.586082,46.914387,43.788441,80.985458,73.244797,30.413918,53.085613,64.921829,11.279326,23.798843,56.999977,14.39936,28.600662,20.611467,10.20618,69.182358,86.121162,3.6243162,10.254522,52.372002,16.612961,31.015038,88.039276,3.4360728,8.5246487,72.876404,8.0399389,19.083656,61.484657,3.6160462,34.899296,93.068863,2.122828,4.808311,71.359482,6.5581241,22.082394,13.553262,21.716145,33.048187,22.829195,18.895452,2.2497785,7.624691,8.0503035,6.1037054,2.5371585,8.2724524,15.082491,27.23423,15.635846,22.81241,33.282009,17.983795,17.515301,39.82782,21.57198,0,41.456409,21.752691,12.109375,17.705627,1.5127108,4.8024106,8.8330259,3.605726,5.0023212,24.077063,6.6576533,10.706076,10.228664,4.1993065,7.5357294,42.332695,2.0686963,0,4.8044949
2023,east north central div,Indiana,indiana,18,40.436771,18.93911,24.988525,50.698215,25.100502,59.563229,81.06089,75.011475,49.301785,74.899498,64.62886,14.277676,21.09346,62.649582,10.858778,26.491636,33.5336,9.7703104,56.696087,88.067139,6.176239,5.7566223,35.421459,10.156929,54.421608,89.340652,2.6773753,7.9819732,80.841614,14.621636,4.5367527,60.136093,4.2724233,35.591488,97.645157,.53557765,1.8192638,82.169006,1.2507627,16.580231,11.736243,19.694668,29.5998,13.008129,34.649593,1.9816015,11.363554,1.2886521,5.9891181,1.3270286,5.2543449,13.952083,30.096468,13.310253,14.94521,36.73983,16.657194,10.050303,40.623783,8.6162395,0,94.153381,13.695071,32.863613,48.621613,.97908473,3.2538912,12.775811,11.246146,12.821147,8.7579613,.94127071,0,2.0302851,5.3195195,0,43.691589,0,0,8.0036793
2023,west north central div,Iowa,iowa,19,45.931278,15.038087,11.244359,47.591782,34.996708,54.068722,84.961914,88.755638,52.408218,65.003296,69.122818,12.444201,18.432981,49.887653,22.398449,27.713894,40.677002,3.5734606,55.749535,73.778923,6.3624678,19.858612,45.442818,20.956594,33.60059,84.643471,3.6917062,11.664822,61.481022,2.7006845,35.818295,94.414818,0,5.5851808,99.110298,.88969767,0,61.109207,1.9000342,36.990757,9.664259,18.536877,7.1469212,25.706942,13.795963,1.4031714,14.859988,10.356441,3.9429784,18.127354,5.7084708,15.087681,20.836903,8.0010605,28.25531,29.647881,7.6048946,0,7.2708716,16.724739,12.121212,63.430424,4.3398905,15.391381,25.589687,.58646131,1.4989059,7.2991691,0,0,41.487141,10.969085,,0,3.9783738,0,,.19607845,0,48.681168
2023,west north central div,Kansas,kansas,20,51.044392,14.797544,24.949697,45.051308,32.392986,48.955608,85.202454,75.050301,54.948692,67.60701,67.797638,13.499286,18.703077,54.095829,12.730317,33.173855,56.217777,11.615797,32.166428,83.835587,7.2423673,8.9220438,56.906193,17.394907,25.698904,90.059074,2.7079663,7.232955,85.221138,5.181489,9.5973749,61.833126,3.7996278,34.367245,89.43119,0,10.568811,88.309021,1.0048622,10.686116,10.592109,18.185488,16.756033,18.308468,14.547525,2.2603257,6.7195296,16.160049,3.3261027,1.6099406,7.3112478,8.3355665,24.113749,10.45297,40.744194,22.137924,8.9691858,6.5690188,34.043919,7.8609309,72.578445,72.425247,5.0218339,22.827381,30.036263,1.6823682,2.0342784,9.5412292,6.1682844,28.232189,0,17.632305,0,15.297834,2.3851233,,11.288484,1.823076,0,0
2023,east south central div,Kentucky,kentucky,21,36.305161,14.766717,19.410681,54.189976,30.935627,63.694839,85.233284,80.589317,45.810024,69.064377,62.725681,11.192477,26.081842,55.482895,22.011656,22.505451,35.063713,2.7896426,62.146641,80.10955,12.838069,7.0523791,39.590851,11.679816,48.729332,87.236099,3.7574463,9.0064507,95.429451,0,4.5705481,57.652687,6.0632815,36.284031,89.774261,1.9004438,8.3252945,76.686134,7.2667727,16.047087,19.359449,23.119356,40.588058,30.742895,27.506641,3.4279606,3.0555911,12.27373,6.6660233,5.4611435,11.644784,18.877712,38.11961,16.128128,15.915522,47.400673,11.155479,25.667089,57.863968,30.327637,16.444445,61.488678,12.777889,20.366598,41.184608,2.4244943,9.210391,10.735092,3.2019372,,0,0,40.412624,27.073616,3.2667096,0,44.843571,2.2737765,16.199757,15.830116
2023,west south central div,Louisiana,louisiana,22,42.825241,21.4394,21.331543,30.330425,34.926136,57.174759,78.5606,78.668457,69.669571,65.073868,62.232441,12.525373,25.242186,51.650612,18.237831,30.111555,23.330555,9.2853432,67.384102,72.055199,12.546833,15.397972,41.996765,24.537567,33.465664,86.507805,3.498271,9.993926,72.526886,14.54459,12.928525,53.310371,8.4638538,38.22578,79.072205,5.2267003,15.701092,86.143227,4.3723631,9.4844122,16.383535,24.650583,37.066734,19.875721,22.711367,4.1416688,9.0012474,3.8278899,20.109152,7.0845432,7.2771034,17.103022,38.477646,16.465233,13.486843,45.452587,9.7378912,28.985098,47.64249,10.462904,72.614708,20.949554,7.086339,27.648609,38.699471,1.6921964,15.386671,21.408199,8.1019087,14.093137,8.3180141,.4468869,4.0509701,8.4937048,19.909742,0,27.807486,2.957639,0,47.833622
2023,new england division,Maine,maine,23,42.718529,53.849174,68.204529,86.298653,44.541599,57.281471,46.150826,31.795471,13.701347,55.458401,59.498699,15.959114,24.542189,71.744682,.97872347,27.276596,46.411736,2.8810897,50.70718,59.420288,0,40.579708,41.121197,1.1785316,57.700272,86.42025,4.4884129,9.0913382,97.957695,2.042305,0,91.501831,0,8.4981689,100,0,0,90.263733,3.6287923,6.1074758,7.5512395,2.4255319,23.258251,0,24.956203,1.9585159,0,6.8131871,0,3.1330557,4.9718118,5.7483311,14.977041,0,0,8.8923559,50.112869,0,0,0,,0,0,81.081078,41.595364,1.2813507,1.6044186,8.5703154,0,0,,7.4459567,,0,0,,,3.4710016,0,0
2023,south atlantic division,Maryland,maryland,24,65.616623,20.901957,39.066032,69.841301,54.572987,34.383377,79.098045,60.933968,30.158699,45.427013,67.494888,10.223057,22.282059,60.077332,16.64537,23.277298,37.300064,9.3464012,53.353531,86.025818,2.3118927,11.662293,51.266258,16.416071,32.317669,88.204811,3.0057204,8.789464,72.85173,7.9001904,19.248079,67.073402,6.4006143,26.52599,93.400703,1.3933548,5.2059407,78.180229,9.436636,12.383136,11.168574,28.446651,27.885326,27.863274,22.78903,2.4725614,7.9336839,5.8080339,3.1572502,5.6456966,6.9127493,14.791597,22.397699,23.22892,36.861523,35.895912,19.791681,14.490234,35.890224,25.810972,0,48.525387,11.597173,41.094681,31.244394,2.1322923,6.1740494,4.6214685,4.3962989,37.546368,9.168026,3.9851089,1.1761966,11.535111,2.5590165,13.626374,11.088235,5.7940826,0,9.0112028
2023,new england division,Massachusetts,massachusetts,25,66.148033,22.870064,33.518448,68.324753,37.180401,33.851967,77.129936,66.481552,31.675247,62.819599,62.011219,12.355409,25.633373,38.904682,15.566837,45.528481,37.818596,10.18351,51.997894,71.606926,5.0658765,23.327196,56.133427,10.847818,33.018757,85.438179,3.2175016,11.344317,68.294533,6.8111143,24.894356,66.158966,.56097323,33.280064,90.82592,2.3071897,6.86689,71.753685,5.9432349,22.303076,16.265276,31.247156,27.561089,28.594442,37.140308,2.9412494,6.8988194,13.055674,5.6266088,14.431913,8.7056446,17.665512,33.878307,21.674465,18.452427,43.801846,17.422497,25.125139,35.412056,27.072954,3.2367973,38.771732,22.974873,56.801647,54.762768,1.6203066,2.6136656,12.98266,4.4393206,0,15.533669,8.0305643,0,23.265385,5.2082109,0,13.051078,8.7919188,0,36.422722
2023,east north central div,Michigan,michigan,26,43.124794,20.390186,20.435432,60.153885,33.534668,56.875206,79.609818,79.564568,39.846115,66.465332,67.074699,13.308514,19.616791,55.699928,18.144392,26.15568,23.855547,9.0341272,67.110321,84.904457,7.5896749,7.505867,51.201904,14.939538,33.858555,88.475182,3.2376335,8.2871847,79.867622,11.204452,8.9279222,56.076984,7.547441,36.375572,94.024384,2.6314037,3.3442144,81.178734,1.2092382,17.612026,14.633353,19.677536,32.478043,10.147502,15.982045,2.9249289,4.5930614,5.2720571,2.8978748,10.679789,10.508795,16.27668,27.621376,8.3244143,47.4846,24.564651,18.815966,24.581947,38.397411,10.15517,0,20.321571,2.9127603,33.590878,27.976191,2.2988837,13.788755,5.3644018,4.5123396,4.96592,4.8472505,1.2862458,0,12.510509,1.6933541,0,39.043827,6.4325652,0,30.989691
2023,west north central div,Minnesota,minnesota,27,55.646931,25.784576,22.298819,46.76284,41.988503,44.353069,74.215424,77.70118,53.23716,58.011497,68.648514,12.397268,18.954214,60.035355,10.307225,29.657423,54.518604,4.8943057,40.58709,71.828255,13.41501,14.75673,40.459759,21.811638,37.728603,88.396057,4.2442236,7.3597155,74.532204,17.728724,7.7390709,78.264984,1.1553627,20.579653,85.215973,7.1591334,7.6248908,90.961716,2.1927872,6.8455033,7.8189292,20.90954,19.239996,17.176228,14.778312,2.492939,1.5866171,.47318614,3.5733066,1.4655684,4.0901499,8.3991165,20.94437,21.564909,21.537567,19.364614,13.886293,18.404623,26.532093,15.056957,21.003443,24.012522,4.9249964,14.811623,25.325647,1.7017461,1.4623784,12.590103,2.076705,0,.50139272,0,0,2.2992911,1.8071758,11.857293,15.533662,.76684612,0,11.219512
2023,east south central div,Mississippi,mississippi,28,37.229492,21.865191,23.686571,37.082283,31.278101,62.770508,78.134811,76.313431,62.917717,68.721901,72.184319,6.0633435,21.752337,54.225349,22.747381,23.027267,26.213646,8.0501699,65.736183,76.527695,9.4802971,13.992004,56.018669,6.8353386,37.145992,92.193077,.58565021,7.2212687,74.092598,.7097919,25.197613,47.671104,.79842263,51.530476,80.717056,0,19.282946,68.204666,21.542019,10.253317,13.803739,24.656916,37.928986,2.7412906,17.856979,4.3639259,35.860622,8.9602928,19.282946,0,8.2358103,28.686419,28.132236,11.463536,29.033539,51.401688,12.800777,31.71007,48.710953,3.5820894,0,0,4.9901991,40.428379,33.107525,2.3852479,0,29.979393,24.972784,0,68.88604,.33579034,0,17.077698,0,,100,0,0,0
2023,west north central div,Missouri,missouri,29,43.007912,23.922684,23.624386,51.926296,28.994003,56.992088,76.077316,76.37561,48.073704,71.005997,67.341934,12.121099,20.536966,56.344933,16.7341,26.920969,27.843943,10.512313,61.643745,91.258224,3.073945,5.6678281,53.280376,14.359762,32.359859,86.917343,3.4510751,9.6315823,76.245773,0,23.754225,57.823318,3.2417326,38.934948,88.444443,.17204301,11.383512,76.574989,3.2322519,20.19276,13.443284,13.716784,16.954166,18.753387,18.079285,1.8700149,9.3174133,4.6731873,2.2939067,1.5984956,8.1512184,15.688366,29.471216,8.1330252,29.453949,15.62122,4.3877201,6.285975,24.449604,15.22145,32.997478,67.896179,5.2065039,32.887699,32.703003,1.2578186,2.6902604,7.1006985,2.3096175,,31.810879,2.4916763,0,8.3020973,2.5936131,0,0,1.0897928,0,3.7834692
2023,mountain division,Montana,montana,30,44.049679,22.426842,26.065969,13.366961,21.978558,55.950321,77.573158,73.934029,86.633041,78.021439,73.818359,8.3206272,17.861012,69.387527,6.113821,24.498644,0,56.909687,43.090317,100,0,0,43.058315,23.530748,33.410938,91.30394,1.4157306,7.2803283,74.990623,0,25.009373,0,0,100,100,0,0,75.811325,6.3495264,17.839146,9.7980042,24.368563,19.151251,4.1484718,24.740219,1.8431211,0,0,0,0,7.4755707,13.888538,17.490873,23.32448,0,33.407082,,33.652008,0,4.1484718,,,4.9584599,27.316603,48.419441,.55586433,0,18.345257,0,,0,,,0,0,,,0,0,0
2023,west north central div,Nebraska,nebraska,31,51.302422,6.204535,21.637001,42.044292,51.085426,48.697578,93.795464,78.362999,57.955708,48.914574,69.687637,12.827602,17.484762,60.833614,17.019749,22.146637,52.132065,4.6778688,43.190071,78.531197,2.4406404,19.028162,54.576725,9.0535898,36.369686,89.742622,3.5729327,6.6844478,68.993797,12.5,18.506205,54.617737,28.042814,17.339451,96.011566,1.6136398,2.3747907,55.402107,10.262403,34.335495,8.0887842,14.222464,11.154268,12.545554,19.150118,2.7691143,0,10.489297,1.8876542,0,3.0863342,13.243108,24.245211,12.94886,17.744852,15.013902,0,37.003609,21.818182,12.318943,0,15.089959,11.648709,43.872551,24.252594,1.826751,5.1417837,14.152665,0,0,0,0,0,60.493828,.28539717,100,0,0,0,0
2023,mountain division,Nevada,nevada,32,38.754169,11.659463,24.787142,38.394428,35.85553,61.245831,88.340538,75.21286,61.605572,64.14447,63.427589,10.450106,26.122301,60.775375,15.646197,23.578424,39.384956,9.6200552,50.994987,62.629467,18.880787,18.489748,46.094482,14.499204,39.406311,83.795341,2.8340888,13.370575,71.705315,10.554626,17.740059,47.102577,13.712894,39.184528,82.563171,4.8244872,12.612346,69.013885,13.257853,17.72827,16.241312,21.12047,19.353762,12.127458,22.771629,3.7885442,11.24155,19.277842,2.8107512,7.3338203,5.9140348,16.862856,41.06834,15.324873,22.831652,34.923607,10.059975,25.110031,25.445726,8.4247389,15.309264,21.420406,6.3247414,31.990988,38.61776,1.8657758,4.3801656,15.71341,11.343707,6.8870521,13.419381,0,28.846153,39.102673,2.762516,0,4.2016807,7.3560543,4.46281,9.3943138
2023,new england division,New Hampshire,new hampshire,33,50.878185,38.89447,15.831367,71.433563,62.764381,49.121815,61.10553,84.168633,28.566437,37.235619,65.833687,12.138591,22.027721,63.770931,8.7470102,27.482056,63.572681,0,36.427319,91.765182,1.6714228,6.5633917,46.634476,10.877591,42.487926,85.842789,4.5045228,9.6526909,91.519852,5.0974865,3.3826637,78.212288,0,21.787708,94.571243,1.0107597,4.4179978,83.369843,1.0446503,15.58551,10.981253,31.80323,33.204903,0,20.56234,2.8524311,2.6779423,0,0,9.6882896,5.097805,14.736483,26.495605,16.76436,91.794876,47.606094,52.231407,,0,0,0,0,8.0998783,0,39.505348,1.7242985,0,14.216193,0,0,79.166672,0,,0,0,0,0,11.620857,0,0
2023,middle atlantic division,New Jersey,new jersey,34,65.157387,24.217844,34.850151,82.723389,50.074947,34.842613,75.782158,65.149849,17.276611,49.925053,74.723885,7.1639009,18.112219,47.62463,19.1059,33.269466,32.017593,12.226256,55.756153,89.357849,.9275521,9.7145996,59.76392,9.1428232,31.093254,89.237381,2.8559268,7.9066954,66.629364,9.6804104,23.690228,56.108063,6.9605222,36.931412,95.229851,.77773511,3.9924119,76.5569,6.3567529,17.086342,16.918566,27.130322,26.945984,13.070801,22.303661,3.9089282,10.552527,9.7734375,3.6685944,5.4117508,13.625354,20.465652,29.102081,18.217659,30.632029,37.877682,14.715044,18.011621,35.92865,9.6584978,81.95266,37.881355,18.982416,8.9182224,32.62331,2.8183844,7.3840446,14.961913,6.4365582,10.817506,22.020515,2.278378,9.5586824,21.200785,3.4051924,0,10.666093,3.4692938,5.4939981,14.084508
2023,mountain division,New Mexico,new mexico,35,49.424248,18.935102,53.78014,68.788765,17.278664,50.575752,81.064896,46.21986,31.211235,82.721336,69.070717,11.121908,19.807377,53.891953,18.417746,27.690304,39.964634,32.670204,27.365164,68.466446,3.824522,27.709038,34.479099,19.184677,46.336224,84.781494,7.23634,7.9821715,66.363991,12.488437,21.147573,59.19453,0,40.80547,92.089149,2.5008507,5.4100032,64.188347,8.2651796,27.546469,13.796096,17.386829,3.3598588,31.68354,27.185196,3.5764389,.71814597,12.196049,0,12.3544,12.283302,9.8299265,21.298405,13.118299,21.849337,22.726246,0,10.284167,0,5.8050385,0,100,18.009159,23.637346,35.482071,2.5364974,12.466258,6.5628476,.8803786,0,.63312995,0,,29.888269,0,0,0,10.598455,0,20.152946
2023,middle atlantic division,New York,new york,36,55.302685,22.860565,30.922487,50.983421,39.290359,44.697315,77.139435,69.077515,49.016579,60.709641,71.3451,11.648252,17.006651,44.779205,13.060823,42.159973,33.299267,8.4808636,58.219868,83.763977,3.5838258,12.652195,54.978527,12.321627,32.699848,86.54583,3.4103122,10.043859,66.112595,6.1032047,27.784199,51.827847,7.3460779,40.826073,88.645271,3.335072,8.0196533,78.296509,5.4291248,16.274363,20.536089,35.715805,32.398239,36.114208,21.128672,3.6524768,11.743629,10.738798,8.9563456,10.119427,18.67592,16.315548,31.230482,25.799906,30.885187,47.744225,25.479301,16.840178,38.62191,35.764282,38.157253,37.852169,15.135734,11.231774,34.933899,2.4282818,3.9263082,14.108133,7.2321372,14.24866,21.928476,5.2051244,.88512981,19.536711,7.8029394,28.187016,13.708212,2.4929366,26.737684,41.26688
2023,south atlantic division,North Carolina,north carolina,37,50.729733,16.788376,30.348188,64.944473,36.445702,49.270267,83.211624,69.65181,35.055527,63.554298,67.211266,11.251316,21.537418,63.862038,12.268444,23.869518,33.577961,7.438601,58.98344,79.215958,7.2786293,13.505416,42.655548,9.7321043,47.612347,87.716553,3.2072027,9.0762463,79.404526,3.675355,16.92012,59.188332,7.0609241,33.750744,95.198463,1.7386618,3.0628748,76.896614,5.2219977,17.881388,14.751156,25.721624,30.767128,24.729237,20.701763,3.2497029,12.644569,6.4967675,3.5969405,3.9652326,8.8462725,12.08059,34.573494,19.604469,30.894423,39.429134,12.466147,28.09799,41.522079,26.288418,0,28.911486,8.0871925,19.121622,32.32605,1.7629316,10.405692,15.089813,12.794599,5.4128442,13.51136,4.3980112,3.1866989,10.869828,3.5553746,0,6.9306931,2.5708323,12.121212,7.5798383
2023,west north central div,North Dakota,north dakota,38,53.144932,40.444965,4.4877605,78.04493,20.495159,46.855068,59.555035,95.512238,21.95507,79.504837,72.980904,12.70965,14.309443,57.786076,.25560361,41.958317,56.968834,0,43.031166,100,0,0,62.819012,3.9257004,33.255287,92.949158,3.6114428,3.4394019,87.058487,12.941517,0,100,0,0,92.171715,0,7.8282824,72.085983,10.505601,17.408417,8.4650364,.68816358,0,2.8725314,18.715366,.37820622,0,0,.050505053,0,5.7696557,1.0277883,28.81776,1.1908813,0,0,0,,0,2.8725314,,,3.3420303,0,49.964798,0,0,10.996279,0,0,,0,,,0,,.64516127,0,0,0
2023,east north central div,Ohio,ohio,39,43.15704,23.894964,22.324656,54.553097,32.051163,56.84296,76.105034,77.675346,45.446903,67.948837,62.400471,15.186384,22.413141,52.84034,20.830475,26.329187,21.516743,10.523791,67.959465,84.529808,4.8826294,10.587565,47.026314,11.405886,41.567802,87.738945,3.6716151,8.5894394,75.611221,9.795414,14.593361,52.857018,9.1964359,37.946545,92.597244,1.7991325,5.603622,80.166351,4.7892528,15.044394,13.551122,23.126411,30.561743,23.906672,21.220613,2.8430703,11.302889,11.62541,3.9277501,3.2049377,6.0816021,18.836126,30.766085,14.083287,16.66428,46.387703,10.097878,12.863088,39.78154,17.093039,56.468529,63.28944,10.686972,26.999727,31.551743,1.970755,2.8484871,11.751236,6.3078537,45.554478,14.192708,9.1989679,2.0353425,17.329458,3.4558673,0,12.986464,1.2969368,23.776705,6.8231678
2023,west south central div,Oklahoma,oklahoma,40,37.281677,13.506849,25.398537,38.630272,24.79546,62.718323,86.493149,74.601463,61.369728,75.204544,67.07692,11.653568,21.269508,62.076847,10.443849,27.479305,22.831432,2.4435995,74.724968,85.011909,1.4138205,13.574265,61.895687,13.540751,24.563564,85.901787,2.0699675,12.028248,79.834564,4.5372229,15.628213,51.209885,8.4282627,40.361847,96.731857,0,3.2681386,81.319855,7.3819332,11.298212,16.557276,22.532541,45.105194,16.862589,20.564777,4.0774355,5.0315695,2.4942298,8.946373,2.745249,10.494125,22.634878,32.348507,10.952141,35.443501,43.78616,12.201621,56.639004,54.781372,18.0697,82.022469,2.5160913,11.155504,36.432541,35.52726,2.3543458,2.1161289,16.720699,5.0824599,21.467098,0,2.9223611,0,2.4718688,9.2486296,,0,2.2457163,0,8.1343479
2023,pacific division,Oregon,oregon,41,47.727139,15.537296,20.812153,59.070492,39.770733,52.272861,84.462708,79.187851,40.929508,60.229267,65.722504,12.327345,21.950148,57.984947,16.782705,25.232346,57.720249,14.537631,27.742117,76.317505,10.822557,12.859938,54.479832,17.132776,28.387388,83.678665,3.7210867,12.600246,70.451469,6.0617981,23.486736,69.404182,15.432098,15.163715,89.150734,5.1874714,5.661798,79.044113,8.2745094,12.681373,16.163477,27.451281,22.903294,20.656307,17.401438,4.7070446,4.2786589,10.976919,2.2323444,3.8676472,8.8751097,21.390491,35.050579,18.043924,21.063473,53.318466,7.8210926,15.235323,58.301552,24.467857,0,15.420363,12.750283,9.0119028,31.391106,3.2823515,5.7227879,13.868515,3.5297766,8.0028839,5.5638256,5.5297756,34.95652,11.504425,2.5040114,0,0,1.6496124,2.3104265,18.708929
2023,middle atlantic division,Pennsylvania,pennsylvania,42,49.220802,16.388746,24.978916,61.379326,38.240929,50.779198,83.611252,75.021088,38.620674,61.759071,64.916847,13.158432,21.924721,38.343796,19.842607,41.813599,25.783232,7.0365081,67.18026,84.157166,1.6721144,14.170724,43.867729,23.062998,33.069271,87.3134,4.3991208,8.2874784,63.313675,8.8728704,27.813456,55.516685,9.4567347,35.026585,91.362015,1.3291361,7.3088489,83.064148,7.6212807,9.3145761,14.780061,26.349771,33.721622,22.202209,21.973295,3.4274366,16.129313,14.324125,6.9492831,6.5097833,7.4396992,18.282955,34.411804,18.601976,21.111687,35.940365,9.7263594,13.460565,45.052963,20.17544,0,36.85862,20.240234,10.770905,32.08498,2.8015831,2.9260139,10.28733,3.6915646,57.336288,31.296631,11.062494,17.609047,18.606884,5.6783204,0,24.100307,6.1225915,15.913407,2.2684898
2023,new england division,Rhode Island,rhode island,44,57.590328,22.381124,38.421978,50.241898,29.838171,42.409672,77.618874,61.578022,49.758102,70.161827,54.232788,20.912514,24.854698,61.869961,9.5934076,28.536629,56.30769,16.923077,26.76923,76.576309,13.258691,10.164997,35.156342,4.9577932,59.885864,83.102768,2.8132665,14.083965,74.59333,5.3024178,20.10425,42.409298,0,57.590698,100,0,0,69.471619,.92256081,29.605814,16.064781,22.216175,24.153847,0,19.426941,2.2329803,8.6905727,21.31032,8.1412315,4.8364549,5.5189853,12.313937,42.231564,21.625132,13.938412,26.28042,31.967215,0,22.988506,0,0,0,2.4687183,0,30.990669,.31827477,0,13.976781,7.1084337,0,16.852928,0,,37.003059,8.1412315,,,6.9617705,0,0
2023,south atlantic division,South Carolina,south carolina,45,47.334019,19.137167,22.80088,53.61348,35.147205,52.665981,80.862831,77.19912,46.38652,64.852798,69.293411,10.078786,20.627802,69.446739,14.39853,16.154728,26.665501,9.7058754,63.628624,89.300453,3.012794,7.6867523,65.527145,6.3077407,28.165113,87.477715,1.540467,10.981821,81.899307,4.5300221,13.570666,53.126537,9.6533604,37.220104,88.073555,0,11.926441,75.34317,2.5537891,22.103046,14.331593,26.693068,29.006985,18.819645,15.653438,4.1525478,12.901348,12.046783,7.1058741,7.3804507,8.4929256,17.040415,32.621445,24.143003,28.579403,35.974136,16.891651,18.414402,35.700069,16.464472,0,53.557045,10.59246,4.7174988,29.87715,2.8710873,2.9052339,14.535221,13.668127,0,12.580414,6.93957,32.484634,14.035887,4.2671804,,28.068861,2.1184645,0,26.169846
2023,west north central div,South Dakota,south dakota,46,43.937828,25.681677,48.14072,11.794049,7.9086871,56.062172,74.318321,51.85928,88.205948,92.091316,67.564255,15.980589,16.455154,52.056061,28.39328,19.550653,35.257362,0,64.742638,73.338715,3.33266,23.328621,32.982082,21.404699,45.61322,88.269035,5.8381643,5.8927975,97.345665,2.6543393,0,100,0,0,76.73716,0,23.26284,96.108109,3.891892,0,6.5570846,3.7411108,64.742638,34.296101,38.979668,6.1037426,5.6963911,0,61.631416,3.1891894,3.3499982,.8856802,25.233105,2.9697089,0,11.228255,0,,100,38.99752,0,24.415585,36.903591,57.839947,31.630367,5.7200332,0,17.898533,5.851716,0,,0,,,80.314957,,0,3.3183351,0,
2023,east south central div,Tennessee,tennessee,47,41.649944,15.958498,23.807167,61.005516,41.228706,58.350056,84.041504,76.192833,38.994484,58.771294,65.905441,12.698687,21.395872,68.711159,14.065288,17.223555,25.726891,10.500355,63.772755,86.178101,6.9365144,6.8853855,47.131439,18.142004,34.726559,88.84272,2.5692127,8.5880642,84.343987,5.7763195,9.879694,53.514111,6.3091068,40.176781,92.630318,1.9227628,5.4469199,83.604507,7.0232944,9.3721952,18.951181,32.607224,29.880222,19.360886,23.723108,3.1827018,15.408919,8.251091,1.7539082,1.6231613,11.443208,28.242588,36.563347,25.657675,58.684242,39.036263,9.2000818,19.515184,39.929535,20.330269,26.535627,0,28.125906,4.767652,27.650351,2.2399883,3.6151898,12.805599,9.581212,46.072929,47.232471,.052491598,6.619175,19.427612,1.8934494,0,0,0,0,17.318901
2023,west south central div,Texas,texas,48,50.612385,18.903484,33.220665,67.897293,43.982346,49.387615,81.096512,66.779335,32.102707,56.017654,70.306938,9.099165,20.593899,59.706348,10.794705,29.498947,37.464489,6.7129545,55.822556,85.559059,2.8583837,11.582558,62.375473,6.5385566,31.085972,88.359955,2.2666297,9.3734102,78.391724,4.7477813,16.860495,63.453579,4.5518718,31.994549,95.997604,.71698928,3.2854042,83.436623,3.745671,12.817709,12.820943,27.592182,30.745756,18.091614,14.488341,3.7116818,10.412155,8.3405418,4.8496799,5.2382689,8.0410233,14.832396,28.250704,19.290638,31.117041,43.104774,16.919687,14.952545,41.924137,18.003029,0,23.210707,8.5731764,19.151264,25.37661,2.8350656,2.0580373,12.375122,6.6861434,17.474178,25.747383,2.7360394,6.2525711,19.752798,4.5299807,8.0493832,13.492833,3.9042685,3.7577722,14.354558
2023,mountain division,Utah,utah,49,46.613159,23.102287,32.209106,49.296494,38.17329,53.386841,76.897713,67.790894,50.703506,61.82671,82.448944,5.0930462,12.458003,61.694206,10.769328,27.536467,61.709309,0,38.290688,86.084732,4.5935206,9.3217487,74.186913,4.7816968,21.031393,92.663879,1.2682769,6.0678477,76.98716,1.0898775,21.922962,95.100975,0,4.8990273,90.91098,0,9.0890198,95.196388,.62740999,4.1761975,9.7104435,24.279203,27.167732,22.145887,21.112099,4.5421629,12.747088,15.856394,9.8094912,3.1435854,5.513164,28.536764,29.792141,13.492213,28.871304,46.651031,34.638641,,15.127609,18.527502,40.615837,46.459538,10.775088,10.970465,59.881042,3.2872605,6.047236,23.39156,10.654307,49.315067,18.278399,16.673222,,0,10.378724,,4.1158538,3.3022106,0,0
2023,new england division,Vermont,vermont,50,58.279545,36.573627,,42.488079,51.448624,41.720455,63.426373,,57.511921,48.551376,61.332352,18.08952,20.578131,15.326253,19.802731,64.871017,,,,88.389771,0,11.610228,56.382648,24.761612,18.855738,86.383591,5.1314278,8.4849815,77.368423,12.763158,9.8684216,,,,90.177742,9.8222637,0,38.984032,39.593613,21.422352,5.8601999,8.6494694,,0,6.0904341,1.3224766,0,,0,6.9375911,3.7796125,6.8926716,11.153703,0,0,13.333334,,,,0,,0,6.4920893,0,12.887439,1.4613471,0,.70845854,0,0,0,,,,0,0,,17.795979,0,0
2023,south atlantic division,Virginia,virginia,51,56.852936,23.203594,31.970045,69.19603,46.517094,43.147064,76.796402,68.029953,30.80397,53.482906,66.628448,9.8667078,23.504841,63.970291,13.325468,22.704241,38.10815,8.3928671,53.498985,89.190849,1.5158312,9.2933207,44.017677,15.740763,40.241562,88.791115,3.1714101,8.0374737,81.877403,3.7354696,14.387123,57.868324,5.8718066,36.259865,94.617348,1.2140131,4.1686373,78.906624,6.2436819,14.849694,14.772379,31.823318,33.980766,19.509834,18.987019,2.2767668,10.237412,5.7010098,6.3822403,4.0861931,9.2672939,18.566889,28.784641,24.50246,49.53244,42.056438,17.893774,22.524504,47.23703,19.269358,0,25,6.6494956,37.248272,25.339237,1.5792152,5.5223355,8.7020893,8.012392,14.557889,21.778286,4.2548904,0,8.9321241,6.0865602,0,14.952093,1.166515,0,21.318523
2023,pacific division,Washington,washington,53,47.765404,16.931839,20.410959,64.700165,42.073147,52.234596,83.068161,79.589043,35.299835,57.926853,68.126144,12.718948,19.154907,60.569412,15.690416,23.740173,55.34581,13.641663,31.012529,70.651405,13.00603,16.342566,58.502609,18.396612,23.100779,86.995277,3.0893543,9.9153662,76.170113,9.6035643,14.226325,53.893341,7.2165689,38.890091,92.631699,1.4544175,5.9138861,79.745178,7.0731483,13.181675,14.123151,19.729486,33.229694,12.955645,17.927345,2.9094675,7.1668692,21.072382,5.1948385,5.8645463,8.300684,14.238652,34.754581,13.478904,20.41655,35.22279,32.185253,9.4831095,45.539177,9.3068867,15.31477,26.852299,9.577899,10.41741,45.052917,1.7824149,4.2062306,12.393947,4.5517454,8.7613916,20.092281,5.5168719,0,46.539246,4.2577462,8.1512108,19.145845,3.0906515,0,25.792631
2023,south atlantic division,West Virginia,west virginia,54,32.982574,35.624077,37.82991,70.878204,45.049236,67.017426,64.375923,62.17009,29.121796,54.950764,65.464584,11.600266,22.935144,62.619297,10.250972,27.129728,4.4699011,5.6828389,89.84726,53.058319,0,46.941681,37.746803,25.170067,37.083126,80.634567,4.4775629,14.887869,94.762054,0,5.2379432,64.562569,0,35.437431,87.609581,2.6300409,9.7603741,76.887268,1.6595831,21.453146,19.666185,1.8911276,50.359386,46.941681,34.594326,3.1552706,0,25.692139,9.6434832,0,9.5774364,21.321405,47.625671,2.6248941,0,.91205209,0,92.49012,50.199997,0,,100,22.10989,7.2511539,65.861298,1.0514703,1.2263919,15.129831,0,,0,0,,72.5,8.8058701,0,19.760479,0,0,0
2023,east north central div,Wisconsin,wisconsin,55,50.412674,18.958664,11.858676,39.313942,38.689629,49.587326,81.041336,88.141327,60.686058,61.310371,67.001518,15.456738,17.541746,51.742043,16.351955,31.906,15.201336,7.8407578,76.957909,87.628677,4.6120358,7.7592888,59.794872,6.9980278,33.2071,87.274803,5.1981421,7.5270562,69.499954,17.629688,12.870361,65.464066,4.4709535,30.06498,93.643921,.89417928,5.4618979,73.388763,1.7190722,24.892168,11.091517,16.649012,23.423105,15.957644,18.27219,1.1849797,12.230535,1.3577732,4.9720926,3.056823,5.8134909,17.619696,25.498945,14.007876,7.2877059,25.729856,0,15.526711,28.854338,16.15579,0,23.204945,6.874258,20.856819,38.251366,.63928831,2.5472875,6.5713668,.12746972,15.689559,72.848946,0,0,4.516129,4.5614886,0,12.82586,2.0954003,44.363636,3.0386741
2023,mountain division,Wyoming,wyoming,56,35.140102,11.089098,5.7142859,66.666672,15.981218,64.859894,88.910904,94.285713,33.333328,84.018784,71.896088,7.8340082,20.269905,59.470165,19.887348,20.642487,41.774895,0,58.225105,100,0,0,62.497593,5.9741759,31.528231,80.891739,1.2516736,17.856588,97.866005,2.1339951,0,0,100,0,100,0,0,84.295845,0,15.704153,11.202766,14.941817,41.774895,0,12.160339,8.3133545,0,0,0,0,2.9962459,29.112833,33.388813,8.128643,6.7538128,42.458771,100,,0,0,,,3.1144001,90.322578,15.281174,3.6913011,0,29.834351,0,0,,,0,,0,,,0,,0
