year,region,state_name,statefip,statefip_str,state_shwhite,state_shhispanic,state_shblack,state_shasian,state_shother_race,state_shpov_white,state_shpov_hispanic,state_shpov_black,state_shpov_asian,state_shpov_other_race,state_hhinc_white,state_hhinc_hispanic,state_hhinc_black,state_hhinc_asian,state_hhinc_other_race,state_shmarr_white,state_shcoh_white,state_shunpmom_white,state_shmarr_hispanic,state_shcoh_hispanic,state_shunpmom_hispanic,state_shmarr_black,state_shcoh_black,state_shunpmom_black,state_shmarr_asian,state_shcoh_asian,state_shunpmom_asian,state_shmarr_other_race,state_shcoh_other_race,state_shunpmom_other_race,state_shpov_white_marr,state_shpov_white_coh,state_shpov_white_unpmom,state_shpov_hispanic_marr,state_shpov_hispanic_coh,state_shpov_hispanic_unpmom,state_shpov_black_marr,state_shpov_black_coh,state_shpov_black_unpmom,state_shpov_asian_marr,state_shpov_asian_coh,state_shpov_asian_unpmom,state_shpov_other_marr,state_shpov_other_coh,state_shpov_other_unpmom,state_hhinc_white_marr,state_hhinc_white_coh,state_hhinc_white_unpmom,state_hhinc_hispanic_marr,state_hhinc_hispanic_coh,state_hhinc_hispanic_unpmom,state_hhinc_black_marr,state_hhinc_black_coh,state_hhinc_black_unpmom,state_hhinc_asian_marr,state_hhinc_asian_coh,state_hhinc_asian_unpmom,state_hhinc_other_marr,state_hhinc_other_coh,state_hhinc_other_unpmom
2023,east south central div,Alabama,alabama,01,60.185276,8.1691494,26.512926,1.7778922,3.3547513,9.2705297,23.199514,26.561806,13.224477,18.234442,96000,60000,50000,125000,78000,77.031517,6.4857326,16.482752,78.329895,6.1782899,15.491814,29.805935,12.164833,58.029228,88.865356,2.0508249,9.0838165,59.115746,7.5932546,33.291,4.4772515,13.592405,29.971134,16.516729,34.884178,52.329128,6.1548686,20.668468,38.278992,12.81199,0,20.245399,5.9752202,31.9331,36.87899,108000,69000,46200,76000,70000,31100,98000,62100,28550,130000,84000,74000,104800,78000,29000
2023,pacific division,Alaska,alaska,02,60.730625,5.3164377,1.236846,7.037828,25.678265,6.6197796,8.1432037,24.413147,11.312798,13.643559,133000,100900,96100,103400,85800,83.005943,7.0054283,9.9886322,73.640778,14.162621,12.196602,100,0,0,71.77301,9.6076269,18.619362,55.214954,18.874846,25.910198,3.5286889,20.897787,22.293129,6.6578774,11.910883,12.736319,24.413147,,,14.995529,0,2.9542098,10.61661,11.608094,21.576803,155800,98800,92900,115800,134900,36000,96100,,,136400,79000,61650,87300,79400,74490
2023,mountain division,Arizona,arizona,04,44.657825,38.099636,5.0375042,4.3079991,7.8970323,7.7920394,22.690313,27.34127,6.3554869,19.865475,122000,75440,64000,140000,90000,77.356079,7.7999582,14.843963,59.728477,12.360164,27.91136,43.302631,13.049338,43.648033,88.421883,2.8534839,8.7246332,54.405243,10.557899,35.036858,5.2647634,10.150666,19.723013,14.703936,28.696304,37.120964,23.786518,26.339573,31.16737,4.8573976,9.3210583,20.56831,9.6058865,23.405159,34.729927,136000,89000,62400,89000,72800,50000,81400,95000,60000,150000,60000,87200,118000,77000,48500
2023,west south central div,Arkansas,arkansas,05,64.339821,11.51821,15.172029,2.538687,6.4312534,9.3369141,18.968119,34.409523,8.3679867,13.823931,92000,60000,34500,87900,81730,77.34433,7.0377736,15.617901,64.945923,10.841947,24.21213,21.616211,6.5063796,71.877411,79.46389,8.6750689,11.861046,67.859489,12.384464,19.756048,3.7098806,20.972023,31.960562,19.957012,26.700481,12.853066,22.626654,15.712406,39.645542,4.5648499,51.40118,2.3732471,8.8869047,21.431484,26.013037,103000,68500,37000,61000,47700,59000,75300,65300,30000,101300,3900,70000,100000,69000,36000
2023,pacific division,California,california,06,27.085009,48.221046,4.1067266,15.977508,4.6097107,10.18189,27.826881,29.321024,13.257631,14.712005,155000,80000,75000,163000,120000,79.395615,6.4283209,14.176064,59.831039,13.159996,27.008963,39.519737,6.9658699,53.514393,85.571251,4.1846232,10.244131,66.219093,9.1872921,24.593618,6.8484583,15.92465,26.247248,22.626945,31.714603,37.45166,12.430898,31.127449,41.55904,11.523211,11.667605,28.395092,10.38908,15.562437,26.033922,175000,112600,82000,94000,72800,59200,140000,69300,47600,175000,101000,82000,159200,106000,66300
2023,mountain division,Colorado,colorado,08,59.777534,27.170658,4.1331735,4.1477609,4.770875,6.3293467,19.40983,21.86009,8.6056051,7.0871792,143000,79000,69000,155000,127800,79.954208,5.4808245,14.564969,63.907154,9.5020943,26.590752,52.685131,3.7123375,43.602535,89.368912,5.8419991,4.789093,77.819298,6.5511575,15.629541,3.5892189,10.427374,19.829147,16.276007,16.183035,28.09462,13.736923,0,33.536522,7.4114561,19.397993,17.724388,1.6346924,17.458946,29.887693,157400,112800,62500,97300,84000,50400,100000,112000,34000,160000,102700,113000,154000,60000,88400
2023,new england division,Connecticut,connecticut,09,54.962082,24.290689,9.3481493,6.7380586,4.6610241,5.5746565,26.533344,20.219538,10.974611,14.969121,155600,56000,80000,157000,114300,77.557281,7.5862875,14.856434,44.650414,16.230206,39.119385,48.135681,9.6718092,42.192509,93.793304,.73710072,5.4695973,72.807274,11.292439,15.900291,3.5041497,6.5674634,15.876669,18.428473,24.798546,36.503899,16.827974,3.7941272,27.854038,10.499611,0,20.598948,10.099767,2.1535845,46.367477,175000,120100,73100,82500,68240,35000,100000,90500,50000,158000,112000,112300,148000,67200,18000
2023,south atlantic division,Delaware,delaware,10,51.584698,14.940743,24.457937,5.1971259,3.8194976,5.3915973,20.183846,20.989073,7.6420774,10.273497,125000,66550,80200,136000,91000,73.402824,7.7065411,18.890636,54.589008,8.986371,36.424618,40.876766,4.7285581,54.394676,75.992241,0,24.007753,50.298489,10.342913,39.358601,3.4464407,7.8031211,11.966044,10.369937,30.647711,32.310242,13.42951,0,28.49456,6.8340497,,10.199745,1.8216947,53.825504,9.6296291,140000,95000,90000,88000,44600,41400,116300,79200,49400,149000,,100500,131000,43410,48700
2023,south atlantic division,District Of Columbia,district of columbia,11,36.073566,14.557891,42.566589,2.8918283,3.9101288,5.0328994,8.6750889,41.13866,6.3909779,11.60797,318500,116320,56700,320000,302000,87.623688,4.8420315,7.5342813,62.412094,18.943306,18.644596,25.322977,6.8383532,67.838676,82.581451,8.333334,9.0852137,76.367012,9.6385536,13.994439,1.4989969,0,49.366669,8.0167513,0,19.692924,26.332157,62.589478,44.503357,0,0,70.344833,0,0,82.947021,333400,351000,64300,173000,66200,115000,162100,4980,46200,320000,321000,75000,330000,582100,34200
2023,south atlantic division,Florida,florida,12,42.552261,31.645771,16.902344,3.6525116,5.2471104,10.32044,25.429943,29.24262,14.424605,17.007544,112000,77800,62000,124000,95000,76.081291,7.3948836,16.523829,63.016617,13.598606,23.384775,42.603798,8.5286493,48.867554,88.331696,1.9624656,9.7058382,72.026344,7.1239815,20.84968,6.2590256,16.14695,26.413042,18.929085,25.75359,42.760067,20.937811,22.572054,37.647118,12.48317,4.40451,34.119408,12.404935,32.695946,27.547041,125900,90000,58800,91500,68000,46000,82500,70000,42800,130000,113000,78100,114000,78800,60000
2023,south atlantic division,Georgia,georgia,13,45.263672,14.742452,29.896158,5.306531,4.7911878,9.4390421,27.563465,24.021343,12.405903,16.285604,110000,67100,67000,128400,82560,78.433907,6.0517173,15.514377,66.866608,12.008248,21.125147,39.727528,8.3679886,51.90448,89.654282,1.4558116,8.8899021,58.102398,8.0179234,33.879677,5.3682933,17.461132,26.889778,23.203257,30.241055,39.842636,9.4143791,22.620241,35.427353,10.726736,0,31.371817,9.4757967,14.131929,28.47386,124100,75500,50000,75000,62000,41100,106200,62000,41600,134500,96300,52260,102600,104800,50000
2023,pacific division,Hawaii,hawaii,15,18.365774,13.358795,1.5937405,44.792374,21.88932,12.985447,18.326035,3.2250061,10.337006,15.510079,129000,116000,72000,129100,110000,82.411949,6.4711957,11.116852,62.205517,12.001302,25.79318,43.091045,0,56.908955,75.389259,5.6844258,18.926315,62.535221,9.0329456,28.431833,10.00209,7.4184961,38.342373,14.99667,5.9432802,32.117039,7.4841681,,0,8.866643,4.5186338,17.941423,9.3177748,7.8184366,31.573597,130000,200000,54000,120500,152000,72000,88000,,14100,133000,156100,80500,139500,100000,69000
2023,mountain division,Idaho,idaho,16,76.049713,16.529287,.99816883,1.496792,4.9260368,6.6842155,11.515279,27.865065,8.5516176,3.0478954,100000,70000,48000,77000,107000,82.987259,4.8534179,12.159322,67.265244,6.8173571,25.917398,56.862293,3.0499077,40.087803,85.331276,5.1771955,9.4915257,75.307831,5.3373284,19.354837,4.254005,4.3239193,24.212496,8.8863077,19.504707,16.236877,30.434782,100,18.731989,6.013001,0,36.038963,1.9086106,0,8.3212385,107000,82000,46790,90000,53000,45000,55600,14700,48000,77000,52000,80000,103500,92000,253250
2023,east north central div,Illinois,illinois,17,54.81572,22.761131,12.710768,6.312676,3.3997018,7.1993976,19.036718,26.359955,11.190583,11.22106,127000,80000,60000,150000,105800,77.916512,6.8705111,15.21298,60.018806,13.190145,26.791048,31.547174,8.442976,60.00985,90.955795,2.5794895,6.4647174,61.279861,11.895796,26.824343,3.9790387,12.192507,21.438152,12.858338,20.748194,32.035263,12.077752,16.735033,35.222267,9.2021685,4.3154759,41.909946,10.999108,8.9774323,12.723085,147000,90000,53500,90000,74300,52000,104500,69000,40000,157000,112000,40100,113000,113000,79450
2023,east north central div,Indiana,indiana,18,73.548653,10.236388,9.3074179,3.2495048,3.6580389,7.7917814,18.116829,22.525261,9.4496164,26.285463,102000,65000,52300,90600,63800,74.621513,9.5868893,15.791598,66.094994,11.571429,22.333578,40.181171,8.3964701,51.422356,92.923019,3.3165243,3.7604518,47.155327,7.9214363,44.923237,3.1845655,12.743939,26.556292,12.832109,14.436891,35.663307,10.779688,8.7724018,33.948822,6.8599262,0,81.776505,7.705111,31.56114,44.858738,115200,74000,46000,72000,72000,33000,77000,85000,28000,96000,160400,21600,99000,70400,30000
2023,west north central div,Iowa,iowa,19,81.470665,8.0757713,4.7892976,3.1412244,2.5230455,5.8698359,17.983942,7.5078106,15.349083,15.311808,105000,70000,48100,86100,65500,76.251656,8.4240675,15.324278,51.631077,19.436281,28.932644,46.719475,3.1716478,50.108879,85.834572,3.7578793,10.407545,50.925533,14.287426,34.787037,3.0969522,12.352448,16.103727,6.5683112,27.6649,31.851995,8.369359,0,7.1797452,9.7202759,10.755442,63.430424,2.5996943,14.675053,34.182884,120480,77000,50600,87000,45000,36000,75400,32300,32000,112000,42000,1200,127000,58000,27200
2023,west north central div,Kansas,kansas,20,72.455864,15.859757,4.1460185,2.9548645,4.583497,6.3392005,16.488808,16.607336,11.558717,10.356656,112520,66000,85000,88000,80000,79.160858,7.990922,12.848224,58.701611,11.613276,29.685112,57.61879,9.6656866,32.715523,86.356476,3.9795864,9.6639347,67.078506,12.085681,20.835812,4.0424581,7.2455735,19.926245,9.5325079,39.918125,21.078815,11.288698,5.9247398,29.130692,5.3061738,72.578445,42.303371,3.6577094,22.21257,25.046196,124000,76000,46000,85000,41000,50000,109000,43800,32000,106000,26700,80000,100000,73500,42110
2023,east south central div,Kentucky,kentucky,21,80.006409,5.9111142,7.846036,2.1436994,4.092741,13.575498,20.156597,35.092056,17.695646,20.686728,88500,66600,39000,75000,70050,71.624229,8.4931765,19.882593,61.381691,18.761257,19.857054,39.448391,3.4250782,57.126534,85.346855,6.9109731,7.7421718,51.066513,10.314613,38.618877,7.5677037,17.324976,33.61607,13.160578,15.915522,45.789574,7.9908757,30.733946,54.067909,14.90261,13.993949,51.78933,7.8981237,19.458454,37.925411,106300,71700,39900,73000,65000,33000,76000,88200,19500,81300,58500,12000,100000,72000,29300
2023,west south central div,Louisiana,louisiana,22,53.309952,8.3743486,31.065897,1.6755098,5.5742946,11.140926,21.29546,29.976377,19.94652,17.253521,100000,66800,40000,84600,83000,72.628426,8.6594954,18.712082,56.126362,17.446024,26.427614,29.725712,9.1101074,61.164181,74.183487,10.326606,15.489909,57.415413,17.49464,25.089941,4.428287,16.806082,34.573433,14.148246,13.59521,41.557816,6.183507,24.043571,42.42334,13.516993,61.467327,23.057953,4.9228411,25.23518,39.905422,120000,67200,37000,82000,64000,41600,86400,49100,27600,90000,34500,35000,112000,67000,34000
2023,new england division,Maine,maine,23,88.829308,2.2810862,2.6896386,1.1279998,5.0719671,5.1621103,1.119403,12.041972,0,15.235824,101980,130000,42000,154000,74250,70.999184,11.058999,17.941813,85.860176,1.5514534,12.588374,77.165222,.91605598,21.918722,94.440033,0,5.559968,63.010067,2.269917,34.720016,3.0528822,5.0298691,13.59024,0,0,8.8923559,15.605439,0,0,0,,0,2.2147465,23.346304,38.3363,115000,74600,54520,175000,70000,9980,42000,154000,34000,150000,,161400,130000,41000,31400
2023,south atlantic division,Maryland,maryland,24,41.602814,18.377743,27.61438,7.5193806,4.885684,5.4625435,24.159039,19.260605,10.608264,13.433401,155700,86000,90900,170000,128000,81.084045,5.4872842,13.428673,62.747429,14.817457,22.435112,48.931324,8.1955996,42.873077,91.176537,1.6703738,7.1530924,65.954018,12.607185,21.438799,3.500504,11.694259,14.763159,18.658653,36.937843,31.102879,11.3272,10.428141,30.003464,9.1753559,7.93854,29.496187,7.8431859,24.308094,24.236143,173000,110000,85900,100000,67400,63270,130000,109000,50000,175600,300000,108000,153900,107800,69430
2023,new england division,Massachusetts,massachusetts,25,58.767223,17.619188,7.3473186,8.8147745,7.4514947,7.4516954,25.678677,22.699099,12.901727,28.697237,170000,67600,88800,180000,78010,77.50769,6.310863,16.181446,45.62616,13.564399,40.809441,47.317848,6.9581852,45.723969,84.738251,3.1810105,12.080732,61.941105,9.0242748,29.034624,3.5392847,12.589335,24.188086,15.774433,16.333389,39.858131,13.020977,24.44619,32.448715,11.060691,1.6327699,28.782621,16.866211,42.892979,49.524799,196800,106000,75600,115000,82000,34600,105000,102100,47200,188000,140000,70000,112000,70000,40000
2023,east north central div,Michigan,michigan,26,70.735107,6.9989181,14.118966,3.8852432,4.2617636,9.5841188,16.601784,26.918385,5.7865701,14.203951,101600,74000,45000,110800,85000,76.303612,8.9654665,14.730922,60.627766,16.729324,22.642908,30.440136,8.7303162,60.829552,90.390442,4.6070824,5.002471,61.254536,10.335127,28.410336,6.403523,15.889227,22.22167,7.3004575,41.678116,22.979433,12.216681,20.239147,35.233974,4.8604236,0,27.850468,4.4770484,32.272888,28.602657,118100,69000,52000,90300,49000,40110,90000,67000,33300,118500,79300,22000,114100,56000,30000
2023,west north central div,Minnesota,minnesota,27,70.811256,7.4323387,9.3967409,7.0560656,5.3035965,4.8551788,15.927206,15.05522,10.815115,9.1884899,131000,95500,59000,125200,98600,79.637421,7.8603492,12.502233,63.773304,12.220827,24.005869,59.813766,4.0605655,36.125668,78.088737,10.489585,11.421679,61.664772,13.573977,24.761251,2.614903,6.3148522,18.207697,15.692223,13.481307,17.79661,9.8346195,17.236898,23.453815,8.2954693,18.084393,21.365593,2.3495529,13.806955,23.688183,146000,107000,56400,109000,91000,72000,74800,80000,40000,130000,90000,63100,117500,120700,47200
2023,east south central div,Mississippi,mississippi,28,52.109642,4.8148842,36.728714,.94528037,5.4014812,10.289344,27.106628,31.067297,8.8753138,12.271655,90000,48700,45000,80000,66200,79.633484,4.0240264,16.342493,58.569359,17.928822,23.501816,31.296181,6.3324795,62.371338,78.081207,5.9647861,15.954007,59.830212,11.435309,28.734476,5.7141452,27.132097,28.436104,15.200241,28.782215,55.500526,8.3034143,30.76305,42.520462,2.2089279,0,44.81982,3.2108889,16.607094,29.412409,100300,65000,45000,73000,45100,23000,89400,60000,30000,80000,173800,57300,86080,81000,39000
2023,west north central div,Missouri,missouri,29,75.829956,6.207304,11.03644,2.174969,4.7513342,8.4658632,12.664336,14.05286,10.206589,13.300845,99900,72000,62600,110300,83800,75.76091,8.3923025,15.846788,61.105751,12.730853,26.163397,34.926388,8.7946835,56.278931,89.797134,1.5670948,8.6357708,60.034416,11.133451,28.832129,4.7499328,13.389564,23.623575,6.3947411,29.453949,19.137587,3.6461399,5.7385936,21.81048,8.7630577,31.11639,21.422415,3.684046,30.119375,26.830566,113600,76000,48000,88300,56000,59600,99000,65100,43500,120000,86100,61600,96000,45700,43000
2023,mountain division,Montana,montana,30,82.007263,5.7375269,.59970957,.76519656,10.890301,6.2939038,18.903463,14.159292,3.5939469,19.302677,104200,70000,70000,160000,65000,81.520699,5.2790427,13.200254,70.644127,4.7426844,24.613186,0,42.075623,57.924377,100,0,0,50.256954,19.754562,29.988483,4.0616608,12.247854,17.698444,17.771694,0,25.794327,,33.652008,0,3.5939469,,,3.3145275,25.386858,42.088936,110000,78000,45000,70000,88000,40000,,70000,45000,160000,,,77000,59610,28400
2023,west north central div,Nebraska,nebraska,31,72.377625,16.480642,3.425035,3.5408418,4.1758547,5.3596644,13.340026,11.010388,8.0645161,9.3671989,113000,78700,65000,98000,134400,79.976326,8.0797329,11.943939,61.339916,16.739319,21.920767,52.669888,9.7333422,37.596771,85.880699,2.0929341,12.026369,54.998375,9.6711168,35.330509,2.3612273,11.405209,21.34749,12.045195,16.922697,14.227464,0,13.936098,25.67758,6.6626921,32.415901,13.837147,5.6542335,20.089787,12.211982,123000,92700,52000,83000,82000,54300,65000,145000,45900,100000,95020,98000,150000,135000,74000
2023,mountain division,Nevada,nevada,32,35.792141,38.333584,9.692071,9.9799213,6.202282,11.415344,19.968641,19.334942,8.5503616,17.236322,117000,70000,60000,110000,90000,71.320946,7.4985819,21.180475,62.049751,15.052547,22.897703,41.297935,10.634554,48.067509,70.282898,13.483951,16.233154,54.312355,14.054111,31.633535,4.0707626,15.0345,34.865433,14.788458,21.528111,32.981087,7.215909,26.304176,28.205309,5.8709097,13.206181,16.283966,6.7946181,22.679836,32.745487,139300,80700,50000,80000,74300,47000,113000,60000,37800,118700,83530,85000,104800,115900,48000
2023,new england division,New Hampshire,new hampshire,33,85.86248,4.7787247,1.4809899,3.7491922,4.1286087,6.8454561,20.475103,27.948114,0,13.737309,134000,90700,53100,145500,140000,76.013954,8.2545156,15.731531,74.563728,7.3275471,18.108727,65.890327,0,34.109669,93.769653,1.1994876,5.0308609,69.6912,4.706007,25.602791,3.1594932,10.644982,22.662186,8.7611809,66.957603,49.899094,42.416107,,0,0,0,0,10.743551,0,24.4114,150000,95000,67000,100000,29100,30000,87500,,43600,150000,127000,45000,140000,103000,143000
2023,middle atlantic division,New Jersey,new jersey,34,46.260792,27.499744,11.388092,11.228806,3.6225665,8.4418249,23.115536,20.961325,5.2929769,13.845046,163200,83100,88000,204000,136900,84.180496,4.3569374,11.462566,52.227169,16.82325,30.949583,40.413158,10.39114,49.195702,94.21537,.80361843,4.9810119,68.173004,7.7477002,24.0793,6.1608162,14.8785,22.746851,14.577749,27.870794,34.938168,8.6976137,16.03833,32.075523,4.4298511,16.342182,19.836285,10.258898,7.5113811,26.036009,179700,103000,83600,105500,77800,48400,140000,90000,50000,210050,235000,115000,148000,234000,75000
2023,mountain division,New Mexico,new mexico,35,29.138439,55.480366,1.2515888,2.1852934,11.94431,8.7451067,14.230597,8.1119738,9.8888245,24.622631,100000,61600,74000,120000,57800,76.835648,9.2014952,13.962857,56.253548,17.295025,26.451433,50.306499,15.100123,34.59338,84.716209,2.9139848,12.369807,39.612461,17.297934,43.089603,6.967845,10.854635,17.134956,10.384555,18.86194,19.38171,0,10.284167,18.960424,1.4642906,0,69.914856,15.934274,21.685852,33.788822,114000,75800,50100,82700,56200,40090,111000,74000,30500,130000,328400,11500,80100,44100,38000
2023,middle atlantic division,New York,new york,36,49.951015,23.019882,12.429979,9.7108107,4.8883119,11.198997,30.23563,25.700602,22.268198,16.803099,132800,70000,75900,104000,105900,79.751511,7.0924497,13.15604,49.656139,11.470272,38.873589,39.028767,8.1299591,52.841274,86.252632,3.4570026,10.290366,64.140251,9.6135387,26.246214,8.9250422,13.021053,24.001369,20.148481,28.861544,43.526142,17.154078,12.382182,34.062218,21.113182,33.253372,28.258997,9.0719881,14.672338,36.476776,151000,88200,58000,98000,75450,40000,117000,108600,48600,110000,85600,63000,140000,78900,46600
2023,south atlantic division,North Carolina,north carolina,37,53.885098,16.822157,19.244511,4.351666,5.6965666,8.9164991,23.526197,23.401512,11.004978,14.602017,109800,60000,57100,139100,79350,77.613541,7.1705589,15.215899,66.471367,10.825805,22.702827,41.350243,7.3239827,51.325775,89.595711,3.6807265,6.7235627,55.134945,8.0883646,36.776691,4.785162,11.700554,28.677698,18.23876,29.442062,36.18626,8.9613419,20.809404,35.405014,10.601324,0,22.408463,5.2831845,17.474422,27.940908,123000,74200,47000,71000,50000,35000,97900,82000,36000,144000,69000,67700,105300,80300,38000
2023,west north central div,North Dakota,north dakota,38,79.650436,5.1399031,3.9831235,1.5269244,9.6996107,4.1672964,.40983605,0,.67008275,14.879623,128000,70000,110000,134000,83700,83.593018,7.8744144,8.532567,69.625298,5.3864169,24.988291,58.899967,0,41.100033,93.890419,0,6.1095781,64.718292,5.2742615,30.007446,2.3601835,.77727664,25,.58863103,0,0,0,,0,.67170441,,.64516127,2.5790987,0,44.023987,131000,104500,50100,99000,140000,24000,110600,,110000,134000,,79000,104000,132500,36300
2023,east north central div,Ohio,ohio,39,73.600044,5.693738,13.301317,3.3320076,4.0728898,8.9298439,20.301184,26.33427,13.007551,15.44638,105000,70000,50000,127500,80000,73.335808,10.216951,16.447241,58.281433,18.193649,23.524916,28.513351,10.227464,61.259186,88.930847,3.2004862,7.86867,57.648079,9.2851782,33.066742,3.9590452,16.356583,26.48044,11.672899,20.381001,41.615467,9.7258673,10.689513,36.676678,9.3468275,39.151516,43.746918,6.5017529,26.466904,27.94574,124000,75350,43500,92000,60500,36700,96000,74000,33000,130020,85000,58000,119000,63000,41000
2023,west south central div,Oklahoma,oklahoma,40,58.195717,17.53129,6.1288352,2.3776603,15.766501,11.904582,20.168711,34.282635,13.804533,16.146343,90200,57000,45600,93800,73100,74.095146,8.0806408,17.824211,64.475349,9.6460495,25.878597,30.039143,3.9636164,65.997238,89.53936,.86765784,9.5929813,66.711998,12.013643,21.274359,6.9759259,20.675293,28.416759,9.9704695,34.55555,40.214584,8.1838217,26.049618,46.656162,14.388372,82.022469,2.1849594,8.4625301,30.881723,31.920115,107000,70000,43000,68000,45000,27000,73700,56000,21430,109000,13200,57000,90500,56000,38300
2023,pacific division,Oregon,oregon,41,65.299202,19.547007,2.3763287,5.969028,6.808435,10.69565,23.85088,20.421158,9.7731819,12.01895,116000,68000,60000,138000,105500,74.292465,8.2198238,17.487707,59.921909,15.116966,24.961124,60.151928,14.723789,25.124281,83.898155,7.493885,8.6079607,64.249229,13.609779,22.140991,5.868608,18.005341,27.766413,15.392548,20.249752,46.336952,7.2708702,19.537178,52.423298,10.681438,0,9.4290886,7.3188491,7.3914914,28.502247,134000,85000,55500,85500,62200,37200,81900,41800,30490,143700,146000,58000,125000,95000,49700
2023,middle atlantic division,Pennsylvania,pennsylvania,42,68.546028,11.743646,11.016631,4.8955894,3.7981088,9.1922083,24.674767,28.876337,12.840065,16.059906,115000,55000,56200,126000,89300,75.940613,8.8470287,15.21236,42.436047,18.044806,39.51915,33.210327,7.6410542,59.148621,88.579453,1.4615966,9.958952,58.856804,17.157942,23.985256,4.8148932,14.524393,27.942879,14.956133,24.030869,35.404739,10.284283,14.743045,41.141064,10.997683,0,31.111494,12.621067,11.64441,27.657021,130800,90000,49000,80000,64000,33400,115830,64000,36880,134200,84000,50400,128000,84000,34500
2023,new england division,Rhode Island,rhode island,44,58.795242,26.984955,4.0106168,3.7023165,6.5068712,8.0990009,19.188993,23.061306,4.0903096,15.073406,135700,70000,80700,135200,93000,70.859108,10.489098,18.651796,64.717598,8.6330357,26.649368,50.967659,10.420897,38.61145,88.344818,6.5972729,5.0579095,45.395393,3.7537537,50.850849,2.0063577,10.4119,29.944567,17.880341,12.022367,24.688656,21.747211,0,31.019979,4.6299367,0,0,4.5203967,0,25.606955,153000,88200,67200,75000,85500,40000,112000,129400,47000,143900,94000,27000,155000,108700,50000
2023,south atlantic division,South Carolina,south carolina,45,57.930744,10.493355,25.200493,2.0350122,4.3403988,9.5134411,24.053722,25.13991,12.539485,12.745714,104500,59940,50000,123300,80010,77.900772,6.0372567,16.061972,71.829811,12.509977,15.660213,32.698849,9.6939011,57.60725,88.642677,1.3975303,9.9597969,68.977203,4.9883313,26.034468,5.5047417,15.333204,26.768202,21.857395,26.5989,32.094593,13.204893,21.609121,32.508572,9.9670639,0,37.193657,7.339211,3.8686459,28.770903,120000,70000,52000,64000,54000,38400,80000,60000,39000,138330,117000,76700,98500,78000,53600
2023,west north central div,South Dakota,south dakota,46,75.547195,6.5768995,3.2647736,2.8275228,11.783611,6.3578954,4.2432599,33.575066,37.520042,36.149113,112000,64800,74000,39010,40300,76.661484,11.524228,11.814284,63.687195,21.783089,14.529718,66.424934,0,33.575066,73.739532,2.9396045,23.320862,37.974522,20.019665,42.005814,4.5490127,.68853784,23.62569,4.1010222,0,11.228255,0,,100,44.068615,0,21.543163,30.181244,56.950672,31.630367,123000,85000,43000,79830,58400,49600,74000,,24300,33600,45000,53000,53000,27000,34000
2023,east south central div,Tennessee,tennessee,47,66.196396,11.09655,16.089298,2.1586967,4.4590635,12.383619,29.862633,24.730938,8.6196585,14.611586,97090,59300,50000,121000,87000,75.458809,8.4797668,16.061428,71.205917,12.742493,16.051586,32.342239,9.5025368,58.15522,90.114304,3.8778496,6.0078421,62.168812,13.557905,24.273281,6.9302001,25.134817,31.272432,22.618746,57.771915,39.841328,5.5966806,17.476776,36.557526,8.7687597,18.508997,0,12.531698,3.7494068,26.005701,112000,66400,47500,64000,48900,50000,100000,68700,30000,120000,169000,146500,103300,70000,43000
2023,west south central div,Texas,texas,48,33.248554,45.716736,11.706614,6.058074,3.2700241,8.2105284,24.344559,23.302597,9.1007004,10.419942,125000,66300,67000,150000,107200,79.444,5.6410561,14.914942,63.238537,9.6516256,27.109837,46.098236,5.995029,47.906734,92.646553,1.404435,5.9490151,71.638664,5.3101802,23.051161,5.1104555,12.234534,23.201038,16.337009,29.848402,41.064117,10.433821,12.758099,37.005104,8.5243139,2.7901404,19.566799,6.1814971,14.375576,22.68099,140000,88000,62000,81000,60000,40000,105300,72360,36560,154200,125000,80020,125000,102000,60300
2023,mountain division,Utah,utah,49,74.538246,16.579174,.94947928,3.3489101,4.5841942,7.3013439,21.615021,23.524452,16.064476,14.252925,117804,81000,67000,119300,110100,87.210449,3.3102007,9.4793501,65.227226,8.5331526,26.239618,72.464462,0,27.535534,88.463905,2.3290758,9.2070217,82.206924,3.1958685,14.59721,4.4107194,24.520256,27.882359,12.718389,29.474535,41.174614,27.044546,,14.260716,14.39932,40.615837,25.853115,7.4717007,10.148322,53.341312,124000,80000,56000,95700,62300,52500,73900,,50000,122000,77000,38000,122000,91000,44400
2023,new england division,Vermont,vermont,50,89.297157,1.9699296,0,2.3851507,6.3477621,3.2156355,5.4860444,,0,6.5262847,111000,76500,,157000,160000,75.932098,10.537602,13.530299,38.017323,17.228104,44.75457,,,,89.149445,4.1732912,6.6772656,47.431301,32.392471,20.176224,2.2425725,4.9365306,7.3362103,0,0,12.258064,,,,0,0,0,11.27204,0,5.8475204,128000,99200,48300,86400,67200,76500,,,,157000,200200,42200,152030,180000,102000
2023,south atlantic division,Virginia,virginia,51,55.802544,13.929917,17.391369,8.1097708,4.7664042,7.6682568,26.814613,24.939716,10.426061,12.055588,130000,87200,70000,170000,105000,79.228577,6.0602345,14.711189,68.125381,11.100243,20.77437,44.425491,7.5868831,47.987629,92.94577,1.3069851,5.7472434,60.247005,11.322996,28.430002,4.3688474,14.685875,22.546667,19.903786,46.801453,38.797848,12.214003,16.951273,37.983772,9.9833326,0,19.956974,3.3090274,27.693991,24.362322,150030,88350,60700,100500,55900,62000,112000,87000,40000,175000,154000,100000,150500,95000,50600
2023,pacific division,Washington,washington,53,57.057453,19.617901,4.4856739,11.887333,6.9516382,8.7668896,17.602404,30.748268,7.9343905,12.852146,131000,80700,70000,170000,124000,77.139061,8.1193342,14.741604,63.210899,14.659801,22.129303,55.049343,12.33024,32.620415,84.872688,5.5321183,9.5951929,67.440025,13.632475,18.927498,4.7893906,12.415318,27.57066,11.657485,19.123762,33.575832,26.856285,8.3502569,45.782532,5.7414355,14.096252,23.779181,6.3505039,8.1433449,39.409462,146000,89700,58700,94000,76000,42000,96000,100000,30000,193500,79480,69000,142000,114100,63600
2023,south atlantic division,West Virginia,west virginia,54,90.395515,2.8778744,2.3448014,.79044133,3.5913672,14.220461,1.2174309,41.02779,20.505384,19.009846,80000,95000,30000,94000,81000,70.46804,9.2510147,20.280947,74.069855,6.5991583,19.330982,27.202904,3.5330262,69.264069,77.547638,1.864126,20.588236,55.379284,14.578774,30.041939,6.3596501,18.113474,39.757809,1.4285715,0,.82401407,0,92.49012,54.516132,7.0512824,,73.038231,8.2811985,6.8793001,44.673748,96100,55500,35400,97700,95000,46000,113000,2700,10400,133000,,3200,119500,81000,58400
2023,east north central div,Wisconsin,wisconsin,55,75.330704,9.437892,7.657136,3.9330568,3.6412106,6.0973668,15.811327,20.80645,11.638789,12.385421,117000,65000,40000,114000,88700,77.221825,10.285106,12.493073,55.108707,16.594196,28.2971,21.161831,7.4411435,71.397026,89.993507,3.1503997,6.8560934,65.054298,4.9556198,29.990084,2.8654604,13.779424,19.749968,10.68913,8.9799824,29.792917,0,14.420403,27.638975,11.412719,0,19.954277,4.7884603,24.011713,26.94355,129100,88600,50300,80000,80000,33000,114000,83000,34000,122000,115000,56300,125000,51400,35620
2023,mountain division,Wyoming,wyoming,56,78.169212,15.54113,.83816564,.16934367,5.2821541,10.187424,13.284905,39.387756,0,10.216969,100000,56000,90000,100000,88000,75.057167,5.5209689,19.421864,63.727917,17.918661,18.35342,39.387756,5.7142859,54.897957,100,0,0,65.981216,5.0194302,28.999352,3.2594752,26.793501,32.24044,6.7443871,6.664619,42.458771,100,0,0,0,,,2.4785275,90.322578,13.958682,110000,43000,38000,86000,46200,20300,4500,155210,90000,100000,,,90000,20860,64850
